Workbook

Sheet Datos
A1: Orden | B1: Caso | C1: Portadora (MHz) | D1: Tono (kHz) | E1: Amplitud | F1: SA START (MHz) | G1: SA STOP (MHz) | H1: f espuria (MHz) | I1: Espuria (dBm) | J1: f imagen (MHz) | K1: Imagen (dBm) | L1: f fuga (MHz) | M1: Fuga (dBm) | N1: f tono (MHz) | O1: Tono (dBm) | P1: Rechazo de imagen (dB) | Q1: Tono menos fuga (dB) | R1: Subida medida (dB) | S1: Subida teorica (dB) | T1: Diferencia (dB) | U1: Deriva (dB) | V1: Piso de ruido (dBm) | W1: Capturar a SD | X1: Que hacer antes de medir esta fila | Y1: Notas
A2: 1 | B2: A | C2: 400 | D2: 200 | E2: 0.1 | F2: 398.8 | G2: 400.8 | H2: =C2-0.9377 -> 399.0623 | I2: -92.2 | J2: =C2-D2/1000 -> 399.8 | K2: -90.3 | L2: =C2 -> 400 | M2: -40.1 | N2: =C2+D2/1000 -> 400.2 | O2: -55.3 | P2: =IF(OR($O2="",$K2=""),"",$O2-$K2) -> 35 | Q2: =IF(OR($O2="",$M2=""),"",$O2-$M2) -> -15.2 | R2: =IF($O2="","",IF(SUMIFS($O$2:$O$19,$B$2:$B$19,$B2,$E$2:$E$19,0.1)=0,"",$O2-SUMIFS($O$2:$O$19,$B$2:$B$19,$B2,$E$2:$E$19,0.1))) -> 0 | S2: =IF($O2="","",IF(SUMIFS($O$2:$O$19,$B$2:$B$19,$B2,$E$2:$E$19,0.1)=0,"",20*LOG10($E2/0.1))) -> 0 | T2: =IF(OR($R2="",$S2=""),"",$R2-$S2) -> 0 | W2: SI | X2: Ventana 398,8 a 400,8 MHz. RBW 10 kHz. Marcadores en 399,0623 / 399,800 / 400,000 / 400,200. Ganancia TX en 30. Transmitir 5 minutos antes de medir.
A3: 2 | B3: A | C3: 400 | D3: 200 | E3: 0.2 | F3: 398.8 | G3: 400.8 | H3: =C3-0.9377 -> 399.0623 | I3: -93 | J3: =C3-D3/1000 -> 399.8 | K3: -84.4 | L3: =C3 -> 400 | M3: -40.1 | N3: =C3+D3/1000 -> 400.2 | O3: -49.2 | P3: =IF(OR($O3="",$K3=""),"",$O3-$K3) -> 35.2 | Q3: =IF(OR($O3="",$M3=""),"",$O3-$M3) -> -9.1 | R3: =IF($O3="","",IF(SUMIFS($O$2:$O$19,$B$2:$B$19,$B3,$E$2:$E$19,0.1)=0,"",$O3-SUMIFS($O$2:$O$19,$B$2:$B$19,$B3,$E$2:$E$19,0.1))) -> 6.1 | S3: =IF($O3="","",IF(SUMIFS($O$2:$O$19,$B$2:$B$19,$B3,$E$2:$E$19,0.1)=0,"",20*LOG10($E3/0.1))) -> 6.0205999 | T3: =IF(OR($R3="",$S3=""),"",$R3-$S3) -> 0.079400087
A4: 3 | B4: A | C4: 400 | D4: 200 | E4: 0.3 | F4: 398.8 | G4: 400.8 | H4: =C4-0.9377 -> 399.0623 | I4: -92.7 | J4: =C4-D4/1000 -> 399.8 | K4: -80.7 | L4: =C4 -> 400 | M4: -40.1 | N4: =C4+D4/1000 -> 400.2 | O4: -46 | P4: =IF(OR($O4="",$K4=""),"",$O4-$K4) -> 34.7 | Q4: =IF(OR($O4="",$M4=""),"",$O4-$M4) -> -5.9 | R4: =IF($O4="","",IF(SUMIFS($O$2:$O$19,$B$2:$B$19,$B4,$E$2:$E$19,0.1)=0,"",$O4-SUMIFS($O$2:$O$19,$B$2:$B$19,$B4,$E$2:$E$19,0.1))) -> 9.3 | S4: =IF($O4="","",IF(SUMIFS($O$2:$O$19,$B$2:$B$19,$B4,$E$2:$E$19,0.1)=0,"",20*LOG10($E4/0.1))) -> 9.5424251 | T4: =IF(OR($R4="",$S4=""),"",$R4-$S4) -> -0.24242509
A5: 4 | B5: A | C5: 400 | D5: 200 | E5: 0.4 | F5: 398.8 | G5: 400.8 | H5: =C5-0.9377 -> 399.0623 | I5: -92.8 | J5: =C5-D5/1000 -> 399.8 | K5: -77.7 | L5: =C5 -> 400 | M5: -40.2 | N5: =C5+D5/1000 -> 400.2 | O5: -43.2 | P5: =IF(OR($O5="",$K5=""),"",$O5-$K5) -> 34.5 | Q5: =IF(OR($O5="",$M5=""),"",$O5-$M5) -> -3 | R5: =IF($O5="","",IF(SUMIFS($O$2:$O$19,$B$2:$B$19,$B5,$E$2:$E$19,0.1)=0,"",$O5-SUMIFS($O$2:$O$19,$B$2:$B$19,$B5,$E$2:$E$19,0.1))) -> 12.1 | S5: =IF($O5="","",IF(SUMIFS($O$2:$O$19,$B$2:$B$19,$B5,$E$2:$E$19,0.1)=0,"",20*LOG10($E5/0.1))) -> 12.0412 | T5: =IF(OR($R5="",$S5=""),"",$R5-$S5) -> 0.058800173
A6: 5 | B6: A | C6: 400 | D6: 200 | E6: 0.5 | F6: 398.8 | G6: 400.8 | H6: =C6-0.9377 -> 399.0623 | I6: -93.1 | J6: =C6-D6/1000 -> 399.8 | K6: -75.9 | L6: =C6 -> 400 | M6: -40.2 | N6: =C6+D6/1000 -> 400.2 | O6: -41.5 | P6: =IF(OR($O6="",$K6=""),"",$O6-$K6) -> 34.4 | Q6: =IF(OR($O6="",$M6=""),"",$O6-$M6) -> -1.3 | R6: =IF($O6="","",IF(SUMIFS($O$2:$O$19,$B$2:$B$19,$B6,$E$2:$E$19,0.1)=0,"",$O6-SUMIFS($O$2:$O$19,$B$2:$B$19,$B6,$E$2:$E$19,0.1))) -> 13.8 | S6: =IF($O6="","",IF(SUMIFS($O$2:$O$19,$B$2:$B$19,$B6,$E$2:$E$19,0.1)=0,"",20*LOG10($E6/0.1))) -> 13.9794 | T6: =IF(OR($R6="",$S6=""),"",$R6-$S6) -> -0.17940009
A7: 6 | B7: A | C7: 400 | D7: 200 | E7: 0.6 | F7: 398.8 | G7: 400.8 | H7: =C7-0.9377 -> 399.0623 | I7: -92.6 | J7: =C7-D7/1000 -> 399.8 | K7: -74.8 | L7: =C7 -> 400 | M7: -40.2 | N7: =C7+D7/1000 -> 400.2 | O7: -40 | P7: =IF(OR($O7="",$K7=""),"",$O7-$K7) -> 34.8 | Q7: =IF(OR($O7="",$M7=""),"",$O7-$M7) -> 0.2 | R7: =IF($O7="","",IF(SUMIFS($O$2:$O$19,$B$2:$B$19,$B7,$E$2:$E$19,0.1)=0,"",$O7-SUMIFS($O$2:$O$19,$B$2:$B$19,$B7,$E$2:$E$19,0.1))) -> 15.3 | S7: =IF($O7="","",IF(SUMIFS($O$2:$O$19,$B$2:$B$19,$B7,$E$2:$E$19,0.1)=0,"",20*LOG10($E7/0.1))) -> 15.563025 | T7: =IF(OR($R7="",$S7=""),"",$R7-$S7) -> -0.26302501
A8: 7 | B8: A | C8: 400 | D8: 200 | E8: 0.7 | F8: 398.8 | G8: 400.8 | H8: =C8-0.9377 -> 399.0623 | I8: -92.7 | J8: =C8-D8/1000 -> 399.8 | K8: -73.2 | L8: =C8 -> 400 | M8: -40.2 | N8: =C8+D8/1000 -> 400.2 | O8: -38.7 | P8: =IF(OR($O8="",$K8=""),"",$O8-$K8) -> 34.5 | Q8: =IF(OR($O8="",$M8=""),"",$O8-$M8) -> 1.5 | R8: =IF($O8="","",IF(SUMIFS($O$2:$O$19,$B$2:$B$19,$B8,$E$2:$E$19,0.1)=0,"",$O8-SUMIFS($O$2:$O$19,$B$2:$B$19,$B8,$E$2:$E$19,0.1))) -> 16.6 | S8: =IF($O8="","",IF(SUMIFS($O$2:$O$19,$B$2:$B$19,$B8,$E$2:$E$19,0.1)=0,"",20*LOG10($E8/0.1))) -> 16.901961 | T8: =IF(OR($R8="",$S8=""),"",$R8-$S8) -> -0.3019608 | W8: SI
A9: 8 | B9: B1 | C9: 400 | D9: 600 | E9: 0.1 | F9: 398.8 | G9: 400.8 | H9: =C9-0.9377 -> 399.0623 | I9: -92.6 | J9: =C9-D9/1000 -> 399.4 | K9: -89.7 | L9: =C9 -> 400 | M9: -40.6 | N9: =C9+D9/1000 -> 400.6 | O9: -55.6 | P9: =IF(OR($O9="",$K9=""),"",$O9-$K9) -> 34.1 | Q9: =IF(OR($O9="",$M9=""),"",$O9-$M9) -> -15 | R9: =IF($O9="","",IF(SUMIFS($O$2:$O$19,$B$2:$B$19,$B9,$E$2:$E$19,0.1)=0,"",$O9-SUMIFS($O$2:$O$19,$B$2:$B$19,$B9,$E$2:$E$19,0.1))) -> 0 | S9: =IF($O9="","",IF(SUMIFS($O$2:$O$19,$B$2:$B$19,$B9,$E$2:$E$19,0.1)=0,"",20*LOG10($E9/0.1))) -> 0 | T9: =IF(OR($R9="",$S9=""),"",$R9-$S9) -> 0 | W9: SI | X9: Tono a 600 kHz. Mover marcadores 2 y 4 a 399,400 y 400,600.
A10: 9 | B10: B1 | C10: 400 | D10: 600 | E10: 0.4 | F10: 398.8 | G10: 400.8 | H10: =C10-0.9377 -> 399.0623 | I10: -92.9 | J10: =C10-D10/1000 -> 399.4 | K10: -77.9 | L10: =C10 -> 400 | M10: -40.2 | N10: =C10+D10/1000 -> 400.6 | O10: -43.9 | P10: =IF(OR($O10="",$K10=""),"",$O10-$K10) -> 34 | Q10: =IF(OR($O10="",$M10=""),"",$O10-$M10) -> -3.7 | R10: =IF($O10="","",IF(SUMIFS($O$2:$O$19,$B$2:$B$19,$B10,$E$2:$E$19,0.1)=0,"",$O10-SUMIFS($O$2:$O$19,$B$2:$B$19,$B10,$E$2:$E$19,0.1))) -> 11.7 | S10: =IF($O10="","",IF(SUMIFS($O$2:$O$19,$B$2:$B$19,$B10,$E$2:$E$19,0.1)=0,"",20*LOG10($E10/0.1))) -> 12.0412 | T10: =IF(OR($R10="",$S10=""),"",$R10-$S10) -> -0.34119983
A11: 10 | B11: B1 | C11: 400 | D11: 600 | E11: 0.7 | F11: 398.8 | G11: 400.8 | H11: =C11-0.9377 -> 399.0623 | I11: -92.7 | J11: =C11-D11/1000 -> 399.4 | K11: -72.8 | L11: =C11 -> 400 | M11: -40.2 | N11: =C11+D11/1000 -> 400.6 | O11: -38.9 | P11: =IF(OR($O11="",$K11=""),"",$O11-$K11) -> 33.9 | Q11: =IF(OR($O11="",$M11=""),"",$O11-$M11) -> 1.3 | R11: =IF($O11="","",IF(SUMIFS($O$2:$O$19,$B$2:$B$19,$B11,$E$2:$E$19,0.1)=0,"",$O11-SUMIFS($O$2:$O$19,$B$2:$B$19,$B11,$E$2:$E$19,0.1))) -> 16.7 | S11: =IF($O11="","",IF(SUMIFS($O$2:$O$19,$B$2:$B$19,$B11,$E$2:$E$19,0.1)=0,"",20*LOG10($E11/0.1))) -> 16.901961 | T11: =IF(OR($R11="",$S11=""),"",$R11-$S11) -> -0.2019608 | W11: SI
A12: 11 | B12: Control 1 | C12: 400 | D12: 600 | E12: 0.4 | F12: 398.8 | G12: 400.8 | H12: =C12-0.9377 -> 399.0623 | I12: -92.8 | J12: =C12-D12/1000 -> 399.4 | K12: -77.6 | L12: =C12 -> 400 | M12: -40.2 | N12: =C12+D12/1000 -> 400.6 | O12: -43.6 | P12: =IF(OR($O12="",$K12=""),"",$O12-$K12) -> 34 | Q12: =IF(OR($O12="",$M12=""),"",$O12-$M12) -> -3.4 | R12: =IF($O12="","",IF(SUMIFS($O$2:$O$19,$B$2:$B$19,$B12,$E$2:$E$19,0.1)=0,"",$O12-SUMIFS($O$2:$O$19,$B$2:$B$19,$B12,$E$2:$E$19,0.1))) | S12: =IF($O12="","",IF(SUMIFS($O$2:$O$19,$B$2:$B$19,$B12,$E$2:$E$19,0.1)=0,"",20*LOG10($E12/0.1))) | T12: =IF(OR($R12="",$S12=""),"",$R12-$S12) | U12: =IF(OR($O12="",$O10=""),"",$O12-$O10) -> 0.3 | X12: Volver la amplitud a 0,4 y repetir el punto de la fila 10. No tocar nada mas.
A13: 12 | B13: B2 | C13: 600 | D13: 200 | E13: 0.1 | F13: 598.8 | G13: 600.8 | H13: =C13-0.9377 -> 599.0623 | I13: -93.1 | J13: =C13-D13/1000 -> 599.8 | K13: -90.3 | L13: =C13 -> 600 | M13: -41.1 | N13: =C13+D13/1000 -> 600.2 | O13: -55.6 | P13: =IF(OR($O13="",$K13=""),"",$O13-$K13) -> 34.7 | Q13: =IF(OR($O13="",$M13=""),"",$O13-$M13) -> -14.5 | R13: =IF($O13="","",IF(SUMIFS($O$2:$O$19,$B$2:$B$19,$B13,$E$2:$E$19,0.1)=0,"",$O13-SUMIFS($O$2:$O$19,$B$2:$B$19,$B13,$E$2:$E$19,0.1))) -> 0 | S13: =IF($O13="","",IF(SUMIFS($O$2:$O$19,$B$2:$B$19,$B13,$E$2:$E$19,0.1)=0,"",20*LOG10($E13/0.1))) -> 0 | T13: =IF(OR($R13="",$S13=""),"",$R13-$S13) -> 0 | W13: SI | X13: Portadora a 600 MHz con el selector. Ventana 598,8 a 600,8 MHz. Tono a 200 kHz. Marcadores en 599,0623 / 599,800 / 600,000 / 600,200.
A14: 13 | B14: B2 | C14: 600 | D14: 200 | E14: 0.4 | F14: 598.8 | G14: 600.8 | H14: =C14-0.9377 -> 599.0623 | I14: -92.9 | J14: =C14-D14/1000 -> 599.8 | K14: -78.2 | L14: =C14 -> 600 | M14: -41.1 | N14: =C14+D14/1000 -> 600.2 | O14: -44.5 | P14: =IF(OR($O14="",$K14=""),"",$O14-$K14) -> 33.7 | Q14: =IF(OR($O14="",$M14=""),"",$O14-$M14) -> -3.4 | R14: =IF($O14="","",IF(SUMIFS($O$2:$O$19,$B$2:$B$19,$B14,$E$2:$E$19,0.1)=0,"",$O14-SUMIFS($O$2:$O$19,$B$2:$B$19,$B14,$E$2:$E$19,0.1))) -> 11.1 | S14: =IF($O14="","",IF(SUMIFS($O$2:$O$19,$B$2:$B$19,$B14,$E$2:$E$19,0.1)=0,"",20*LOG10($E14/0.1))) -> 12.0412 | T14: =IF(OR($R14="",$S14=""),"",$R14-$S14) -> -0.94119983
A15: 14 | B15: B2 | C15: 600 | D15: 200 | E15: 0.7 | F15: 598.8 | G15: 600.8 | H15: =C15-0.9377 -> 599.0623 | I15: -93.1 | J15: =C15-D15/1000 -> 599.8 | K15: -71.9 | L15: =C15 -> 600 | M15: -40.8 | N15: =C15+D15/1000 -> 600.2 | O15: -38.6 | P15: =IF(OR($O15="",$K15=""),"",$O15-$K15) -> 33.3 | Q15: =IF(OR($O15="",$M15=""),"",$O15-$M15) -> 2.2 | R15: =IF($O15="","",IF(SUMIFS($O$2:$O$19,$B$2:$B$19,$B15,$E$2:$E$19,0.1)=0,"",$O15-SUMIFS($O$2:$O$19,$B$2:$B$19,$B15,$E$2:$E$19,0.1))) -> 17 | S15: =IF($O15="","",IF(SUMIFS($O$2:$O$19,$B$2:$B$19,$B15,$E$2:$E$19,0.1)=0,"",20*LOG10($E15/0.1))) -> 16.901961 | T15: =IF(OR($R15="",$S15=""),"",$R15-$S15) -> 0.0980392 | W15: SI
A16: 15 | B16: B3 | C16: 600 | D16: 600 | E16: 0.1 | F16: 598.8 | G16: 600.8 | H16: =C16-0.9377 -> 599.0623 | I16: -93.2 | J16: =C16-D16/1000 -> 599.4 | K16: -88.9 | L16: =C16 -> 600 | M16: -40.8 | N16: =C16+D16/1000 -> 600.6 | O16: -56.8 | P16: =IF(OR($O16="",$K16=""),"",$O16-$K16) -> 32.1 | Q16: =IF(OR($O16="",$M16=""),"",$O16-$M16) -> -16 | R16: =IF($O16="","",IF(SUMIFS($O$2:$O$19,$B$2:$B$19,$B16,$E$2:$E$19,0.1)=0,"",$O16-SUMIFS($O$2:$O$19,$B$2:$B$19,$B16,$E$2:$E$19,0.1))) -> 0 | S16: =IF($O16="","",IF(SUMIFS($O$2:$O$19,$B$2:$B$19,$B16,$E$2:$E$19,0.1)=0,"",20*LOG10($E16/0.1))) -> 0 | T16: =IF(OR($R16="",$S16=""),"",$R16-$S16) -> 0 | W16: SI | X16: Tono a 600 kHz. Mover marcadores 2 y 4 a 599,400 y 600,600.
A17: 16 | B17: B3 | C17: 600 | D17: 600 | E17: 0.4 | F17: 598.8 | G17: 600.8 | H17: =C17-0.9377 -> 599.0623 | I17: -93.2 | J17: =C17-D17/1000 -> 599.4 | K17: -75.8 | L17: =C17 -> 600 | M17: -41.1 | N17: =C17+D17/1000 -> 600.6 | O17: -44.7 | P17: =IF(OR($O17="",$K17=""),"",$O17-$K17) -> 31.1 | Q17: =IF(OR($O17="",$M17=""),"",$O17-$M17) -> -3.6 | R17: =IF($O17="","",IF(SUMIFS($O$2:$O$19,$B$2:$B$19,$B17,$E$2:$E$19,0.1)=0,"",$O17-SUMIFS($O$2:$O$19,$B$2:$B$19,$B17,$E$2:$E$19,0.1))) -> 12.1 | S17: =IF($O17="","",IF(SUMIFS($O$2:$O$19,$B$2:$B$19,$B17,$E$2:$E$19,0.1)=0,"",20*LOG10($E17/0.1))) -> 12.0412 | T17: =IF(OR($R17="",$S17=""),"",$R17-$S17) -> 0.058800173
A18: 17 | B18: B3 | C18: 600 | D18: 600 | E18: 0.7 | F18: 598.8 | G18: 600.8 | H18: =C18-0.9377 -> 599.0623 | I18: -93.1 | J18: =C18-D18/1000 -> 599.4 | K18: -71.9 | L18: =C18 -> 600 | M18: -41.1 | N18: =C18+D18/1000 -> 600.6 | O18: -39.7 | P18: =IF(OR($O18="",$K18=""),"",$O18-$K18) -> 32.2 | Q18: =IF(OR($O18="",$M18=""),"",$O18-$M18) -> 1.4 | R18: =IF($O18="","",IF(SUMIFS($O$2:$O$19,$B$2:$B$19,$B18,$E$2:$E$19,0.1)=0,"",$O18-SUMIFS($O$2:$O$19,$B$2:$B$19,$B18,$E$2:$E$19,0.1))) -> 17.1 | S18: =IF($O18="","",IF(SUMIFS($O$2:$O$19,$B$2:$B$19,$B18,$E$2:$E$19,0.1)=0,"",20*LOG10($E18/0.1))) -> 16.901961 | T18: =IF(OR($R18="",$S18=""),"",$R18-$S18) -> 0.1980392 | W18: SI
A19: 18 | B19: Control 2 | C19: 600 | D19: 600 | E19: 0.4 | F19: 598.8 | G19: 600.8 | H19: =C19-0.9377 -> 599.0623 | I19: -92.9 | J19: =C19-D19/1000 -> 599.4 | K19: -76.8 | L19: =C19 -> 600 | M19: -41 | N19: =C19+D19/1000 -> 600.6 | O19: -44.6 | P19: =IF(OR($O19="",$K19=""),"",$O19-$K19) -> 32.2 | Q19: =IF(OR($O19="",$M19=""),"",$O19-$M19) -> -3.6 | R19: =IF($O19="","",IF(SUMIFS($O$2:$O$19,$B$2:$B$19,$B19,$E$2:$E$19,0.1)=0,"",$O19-SUMIFS($O$2:$O$19,$B$2:$B$19,$B19,$E$2:$E$19,0.1))) | S19: =IF($O19="","",IF(SUMIFS($O$2:$O$19,$B$2:$B$19,$B19,$E$2:$E$19,0.1)=0,"",20*LOG10($E19/0.1))) | T19: =IF(OR($R19="",$S19=""),"",$R19-$S19) | U19: =IF(OR($O19="",$O17=""),"",$O19-$O17) -> 0.1 | X19: Volver la amplitud a 0,4 y repetir el punto de la fila 17. No tocar nada mas.

Sheet Resumen
A1: EXP-08 Resumen por caso
A2: Se completa solo a medida que cargas la hoja Datos.
A4: Caso | B4: Portadora (MHz) | C4: Tono (kHz) | D4: Fuga promedio (dBm) | E4: Dispersion de la fuga (dB) | F4: Rechazo de imagen promedio (dB) | G4: Tono a 0,1 (dBm) | H4: Tono a 0,4 (dBm) | I4: Tono a 0,7 (dBm) | J4: Diferencia con la teoria a 0,7 (dB)
A5: A | B5: 400 | C5: 200 | D5: =IFERROR(AVERAGE(Datos!$M$2:$M$8),"") -> -40.157143 | E5: =IFERROR(MAX(Datos!$M$2:$M$8)-MIN(Datos!$M$2:$M$8),"") -> 0.1 | F5: =IFERROR(AVERAGE(Datos!$P$2:$P$8),"") -> 34.728571 | G5: =IF(Datos!$O$2="","",Datos!$O$2) -> -55.3 | H5: =IF(Datos!$O$5="","",Datos!$O$5) -> -43.2 | I5: =IF(Datos!$O$8="","",Datos!$O$8) -> -38.7 | J5: =IF(Datos!$T$8="","",Datos!$T$8) -> -0.3019608
A6: B1 | B6: 400 | C6: 600 | D6: =IFERROR(AVERAGE(Datos!$M$9:$M$11),"") -> -40.333333 | E6: =IFERROR(MAX(Datos!$M$9:$M$11)-MIN(Datos!$M$9:$M$11),"") -> 0.4 | F6: =IFERROR(AVERAGE(Datos!$P$9:$P$11),"") -> 34 | G6: =IF(Datos!$O$9="","",Datos!$O$9) -> -55.6 | H6: =IF(Datos!$O$10="","",Datos!$O$10) -> -43.9 | I6: =IF(Datos!$O$11="","",Datos!$O$11) -> -38.9 | J6: =IF(Datos!$T$11="","",Datos!$T$11) -> -0.2019608
A7: B2 | B7: 600 | C7: 200 | D7: =IFERROR(AVERAGE(Datos!$M$13:$M$15),"") -> -41 | E7: =IFERROR(MAX(Datos!$M$13:$M$15)-MIN(Datos!$M$13:$M$15),"") -> 0.3 | F7: =IFERROR(AVERAGE(Datos!$P$13:$P$15),"") -> 33.9 | G7: =IF(Datos!$O$13="","",Datos!$O$13) -> -55.6 | H7: =IF(Datos!$O$14="","",Datos!$O$14) -> -44.5 | I7: =IF(Datos!$O$15="","",Datos!$O$15) -> -38.6 | J7: =IF(Datos!$T$15="","",Datos!$T$15) -> 0.0980392
A8: B3 | B8: 600 | C8: 600 | D8: =IFERROR(AVERAGE(Datos!$M$16:$M$18),"") -> -41 | E8: =IFERROR(MAX(Datos!$M$16:$M$18)-MIN(Datos!$M$16:$M$18),"") -> 0.3 | F8: =IFERROR(AVERAGE(Datos!$P$16:$P$18),"") -> 31.8 | G8: =IF(Datos!$O$16="","",Datos!$O$16) -> -56.8 | H8: =IF(Datos!$O$17="","",Datos!$O$17) -> -44.7 | I8: =IF(Datos!$O$18="","",Datos!$O$18) -> -39.7 | J8: =IF(Datos!$T$18="","",Datos!$T$18) -> 0.1980392
A10: Deriva de la tanda de 400 MHz (dB) | D10: =IF(Datos!$U$12="","",Datos!$U$12) -> 0.3
A11: Deriva de la tanda de 600 MHz (dB) | D11: =IF(Datos!$U$19="","",Datos!$U$19) -> 0.1
A14: COMO LEER ESTE RESUMEN
A15: Fuga promedio: tiene que ser identica dentro de cada caso, porque no depende de la amplitud. Si cambia entre 400 y 600 MHz, la fuga depende de la frecuencia y hay que preverlo al disenar el peine.
A16: Dispersion de la fuga: cuanto varia dentro del caso. Mas de unas decimas indica que algo esta derivando.
A17: Rechazo de imagen promedio: deberia mantenerse constante dentro de cada caso. Comparar entre casos dice si depende de la portadora o del corrimiento del tono.
A18: Diferencia con la teoria a 0,7: cuanto se aparta la subida medida de los 16,9 dB teoricos. Si es parecida en los cuatro casos es un efecto general de la cadena; si aparece en uno solo, hay que investigar ese caso.
A19: Deriva: diferencia entre el punto de control y el mismo punto medido minutos antes. Es la repetibilidad de la sesion.
